Designator,Mid X,Mid Y,Rotation,Layer
D1,150.5,-68.0,0.0,top
D2,117.0,-34.0,90.0,top
J2,154.45,-53.725,90.0,top
MOLEX1,107.0,-37.5,90.0,top
MOLEX2,107.0,-46.75,90.0,top
MOLEX3,107.21,-56.0,90.0,top
MOLEX4,107.25,-65.75,90.0,top
MOLEX5,107.25,-75.98,90.0,top
R1_5.1K1,154.5,-44.5,180.0,top
R2_5.1K1,153.0,-62.5,0.0,top
R3_10K1,114.75,-70.0625,90.0,top
R4_10K1,114.5,-56.5,90.0,top
U2,132.43184,-59.41272,0.0,top
