Designator,Mid X,Mid Y,Rotation,Layer
D1,131.5,-92.0,0.0,top
D2,135.0,-53.0,270.0,top
J1,127.02,-82.5,90.0,top
J2,129.59,-105.605,270.0,top
R1_5.1K1,129.0,-97.0,0.0,top
R2_5.1K1,132.0,-114.0,0.0,top
R3,134.0,-79.0,180.0,top
R4,134.0,-87.0,180.0,top
U1,150.09816,-77.82792,0.0,top
